Subreddits,Annotator_1,Annotator_2,Annotator_3
changemyview, U, U, U
conservative, C, C, C
askconservatives, C, C, C
politicaldebate, U, U, U
politicsofaustralia, U, U, U
social_democrats, D, D, D
republican, C, C, C
anarchism, U, U, U
democrats, D, D, D
progressive, D, D, D
moderatepolitics, U, U, U
twoxconservatives, C, C, C
politicalperspectives, U, U, U
economics, U, U, U
libertarian, C, U, U
libertarianmeme, C, U, U
libertarianfreestate, C, U, U
worldpolitics, U, U, U
politics, U, U, U
politicalhumor, U, U, U
nevertrump, D, D, D
politicalscience, U, U, U
solidarity_party, U, U, D
politicalvideo, U, U, U
askaconservative, C, C, C
latestagecapitalism, D, D, D
shitpoliticssays, C, U, U
askbiblescholars, U, U, U
classical_liberals, C, U, U
twoxchromosomes, U, D, U
liberal, D, D, D
empiredidnothingwrong, U, U, C
politicalcompassmemes, U, U, U
conspiracy, C, U, U
conservatives, C, C, C
covidiots, D, D, U
antifascistsofreddit, D, D, D
ukrainianconflict, U, U, U
lockdownskepticism, C, C, U
churchofcovid, C, C, D
marchagainstrump, D, D, D
the_ronald, C, C, C
trump, C, C, C
asktrumpsupporters, C, C, C
uspolitics, U, U, U
enoughcommiespam, C, C, C
california_politics, U, U, U
politicalrevolutionca, D, D, D
rankedchoicevoting, U, U, U
forwardpartyca, U, U, U
rankthevote, U, U, U
endfptp, U, U, U
forwardpartyusa, U, U, U
bernie2024, D, D, D
kotakuinaction2, C, C, C
watchredditdie, C, U, U
walkaway, C, C, C
bigdongdesantis, C, C, C
vivekramaswamy, C, C, C
desantis, C, C, C
lockdownskepticismau, C, C, U
hermancainawards, D, D, C
timpool, C, C, C
scottadamssays, C, C, C
capitolhillautonomouszone, D, D, U
yangforpresidenthq, D, D, U
thedonald, C, C, C
politicalmemes, U, U, U
restorethefourth, U, U, C
politicaldiscussion, U, U, U
askaliberal, D, D, D
ask_politics, U, U, U
askdemocrats, D, D, D
neutralpolitics, U, U, U
conservative, C, C, C
russialago, D, D, C
ukpolitics, U, U, U
conservativeterrorism, D, D, C
neoliberal, U, D, U
trumpgret, D, D, C
joebiden, D, D, D
joebidenmemes, D, D, D
hermancainaward, D, D, C
fivethirtyeight, U, U, U
sandersforpresident, D, D, D
ukrainerussiareport, U, U, U
geopolitics, U, U, U
conspiracy_commons, C, U, U
ukraineinvasionvideos, U, U, U
imdonewithcovid, C, U, U
thetrumpzone, C, C, C
svenskpolitik, U, U, U
brexit, C, U, U
conventionofstates, C, C, C
islam, U, U, U
patriotact, U, U, C
occupywallstreet, D, D, D
theleftcantmeme, C, C, D
politicalcartoons, U, U, U
conservativepolitics, C, C, C
